{
  "best": "Random Forest",
  "metrics": {
    "Linear Regression": {
      "RMSE": 325.4793701171875,
      "MAE": 247.9254913330078,
      "R2": 0.6438293226575664,
      "MAPE": 25.167670845985413
    },
    "Random Forest": {
      "RMSE": 317.4824726196991,
      "MAE": 235.99231639884172,
      "R2": 0.6611162866512377,
      "MAPE": 23.647819583949893
    },
    "XGBoost": {
      "RMSE": 325.71405029296875,
      "MAE": 243.51608276367188,
      "R2": 0.6433156009560027,
      "MAPE": 24.7828871011734
    }
  }
}